{
	"genericName": "Infantry Spear Fighting",
	"specificName": {
		"mace": "Doratismós",
		"spart": "Doratismós",
		"athen": "Doratismós"
	},
	"description": "Spear fighting training increases damage of infantry spear units.",
	"cost": {"food": 0, "wood": 0, "stone": 0, "metal": 0, "coin": 100},
	"requirements": {"all": [{"tech": "phase_city"}, {"any": [{"civ": "athen"},{"civ": "mace"},{"civ": "spart"}]}]},
	"requirementsTooltip": "Unlocked in City Phase.",
	"icon": "spear.png",
	"researchTime": 40,
	"tooltip": "Spearmen +2 hack attack.",
	"modifications": [{"value": "Attack/Melee/Hack", "add": 2.0}],
	"affects": ["Infantry Spear"],
	"soundComplete": "interface/alarm/alarm_upgradearmory.xml"
}
