{
	"genericName": "The Agoge",
	"description": "Spartans were housed and trained from a young age to be superlative warriors and to endure any hardship a military life can give them.",
	"cost": {"food": 500, "wood": 0, "stone": 0, "metal": 0, "coin": 500},
	"requirements": {"all": [{"tech": "phase_city"}, {"civ": "spart"}]},
	"requirementsTooltip": "Unlocked in City Phase.",
	"icon": "agoge.png",
	"researchTime": 60,
	"tooltip": "+25% health for spear infantry, but also +10% train time.",
	"modifications": [
		{"value": "Health/Max", "multiply": 1.25},
		{"value": "Cost/BuildTime", "multiply": 1.1}
	],
	"affects": ["Spear Infantry"],
	"soundComplete": "interface/alarm/alarm_upgradearmory.xml"
}