{
	"pair": "carthaginians/pair_italian_mercs_2",
	"genericName": "Italiote Mercenary General",
	"description": "Italian mercenaries have their coin cost decreased.",
	"cost": {"food": 200, "wood": 0, "stone": 0, "metal": 0, "coin": 200},
	"requirements": {"all": [{"tech": "phase_city"}, {"civ": "cart"}]},
	"requirementsTooltip": "Unlocked in City Phase.",
	"icon": "helmet_corinthian_crest.png",
	"researchTime": 40,
	"tooltip": "Hire an Italiote mercenary general to reduce cost -20 metal for Italian mercenaries.",
	"modifications": [{"value": "Cost/Resources/coin", "add": -20}],
	"affects": ["Italian Mercenary"],
	"soundComplete": "interface/alarm/alarm_upgradearmory.xml"
}