{
	"pair": "carthaginians/pair_italian_mercs_1",
	"genericName": "Italiote Alliance",
	"description": "Italian mercenaries have their train time decreased.",
	"cost": {"food": 0, "wood": 100, "stone": 0, "metal": 0, "coin": 100},
	"requirements": {"all": [{"tech": "phase_town"}, {"civ": "cart"}]},
	"requirementsTooltip": "Unlocked in Town Phase.",
	"icon": "clenched_fist.png",
	"researchTime": 40,
	"tooltip": "Ally with Italiote towns to reduce recruit time -20% for Italian mercenaries.",
	"modifications": [{"value": "Cost/BuildTime", "multiply": 0.8}],
	"affects": ["Italian Mercenary"],
	"soundComplete": "interface/alarm/alarm_upgradearmory.xml"
}