{
	"genericName": "Phoenician Naval Architects",
	"description": "Significantly increase build speed of batches of ships at the Shipyard.",
	"cost": {"food": 200, "wood": 200, "stone": 0, "metal": 0, "coin": 200},
	"requirements": {"all": [{"tech": "phase_city"}, {"civ": "cart"}]},
	"requirementsTooltip": "Unlocked in City Phase.",
	"icon": "calipers.png",
	"researchTime": 40,
	"tooltip": "Shipyard increased batch construction speed bonus.",
	"modifications": [{"value": "ProductionQueue/BatchTimeModifier", "add": -0.1}],
	"affects": ["Shipyard"],
	"soundComplete": "interface/alarm/alarm_upgradearmory.xml"
}
