{
	"type": "range",
	"radius": 30,
	"affects": ["Blacksmith", "Workshop"],
	"modifications": [
		{ "value": "ProductionQueue/TechCostMultiplier/time", "add": -0.1 }
	],
	"auraName": "Raw Resources Supply",
	"auraDescription": "Nearby blacksmiths and workshops research +10% faster",
	"overlayIcon": "art/textures/ui/session/auras/resource_bonus.png",
    "rangeOverlay" : {
        "lineTexture": "overlay/dash.png",
        "lineTextureMask": "overlay/dash_mask.png",
        "lineThickness": 0.1
    },
	"stackable": "true"
}
