{
	"genericName": "Close Combat Cavalry Training",
	"specificName": {
		"mace": "Xyston",
		"spart": "Xyston",
		"athen": "Xyston",
		"sele": "Xyston",
		"ptol": "Xyston",
		"rome": "Hasta"
	},
	"description": "Training increases melee attack.",
	"cost": {"food": 500, "wood": 750, "stone": 0, "metal": 250, "coin": 250},
	"requirements": {"tech": "phase_town"},
	"requirementsTooltip": "Unlocked in Town Phase.",
	"icon": "horse_trainer.png",
	"researchTime": 40,
	"tooltip": "+20% melee cavalry attack.",
	"modifications": [{"value": "Attack/Melee/Hack", "multiply": 1.2},
		{"value": "Attack/Melee/Pierce", "multiply": 1.2},
		{"value": "Attack/Melee/Crush", "multiply": 1.2}],
	"affects": ["Cavalry Melee"],
	"soundComplete": "interface/alarm/alarm_upgradearmory.xml"
}
