{
	"genericName": "Will to fight",
	"specificName": {
		"mace": "Dýnamis",
		"spart": "Dýnamis",
		"athen": "Dýnamis",
		"ptol": "Dýnamis",
		"sele": "Dýnamis"
	},
	"description": "The will to fight is crucial to victory.",
	"cost": {"food": 1500, "wood": 1500, "stone": 1500, "metal": 1500, "coin": 1500},
	"requirements": {"tech": "phase_city"},
	"requirementsTooltip": "Unlocked in City Phase.",
	"icon": "clenched_fist.png",
	"researchTime": 40,
	"tooltip": "Inspire your troops with higher pay. All land and naval army +25% attack.",
	"modifications": [
		{"value": "Attack/Melee/Hack", "multiply": 1.25},
		{"value": "Attack/Melee/Pierce", "multiply": 1.25},
		{"value": "Attack/Melee/Crush", "multiply": 1.25},
		{"value": "Attack/Ranged/Hack", "multiply": 1.25},
		{"value": "Attack/Ranged/Pierce", "multiply": 1.25},
		{"value": "Attack/Ranged/Crush", "multiply": 1.25}
	],
	"affects": ["Melee", "Ranged"],
	"soundComplete": "interface/alarm/alarm_upgradearmory.xml"
}
