{
	"genericName": "Ranged Combat Cavalry Training",
	"specificName": {
		"mace": "Xyston",
		"spart": "Xyston",
		"athen": "Xyston",
		"sele": "Xyston",
		"ptol": "Xyston",
		"rome": "Hasta"
	},
	"description": "Training increases ranged attack.",
	"cost": {"food": 500, "wood": 750, "stone": 0, "metal": 250, "coin": 250},
	"requirements": {"tech": "phase_town"},
	"requirementsTooltip": "Unlocked in Town Phase.",
	"icon": "horse_rider.png",
	"researchTime": 40,
	"tooltip": "+20% ranged cavalry attack.",
	"modifications": [{"value": "Attack/Ranged/Hack", "multiply": 1.2},
		{"value": "Attack/Ranged/Pierce", "multiply": 1.2},
		{"value": "Attack/Ranged/Crush", "multiply": 1.2}],
	"affects": ["Cavalry Ranged"],
	"soundComplete": "interface/alarm/alarm_upgradearmory.xml"
}
