{
	"genericName": "Serfs",
	"specificName": {
		"mace": "Heílōtes",
		"spart": "Heílōtes",
		"athen": "Heílōtes"
	},
	"description": "Increases stone gathering rates.",
	"cost": {"food": 250, "wood": 0, "stone": 0, "metal": 25, "coin": 25},
	"supersedes": "gather_mining_servants",
	"requirements": {"tech": "phase_town"},
	"requirementsTooltip": "Unlocked in Town Phase.",
	"icon": "mining_stone.png",
	"researchTime": 40,
	"tooltip": "Compel serfs to help your workers mine stone. +15% stone gathering rate.",
	"modifications": [{"value": "ResourceGatherer/Rates/stone.rock", "multiply": 1.15}],
	"affects": ["Worker"],
	"soundComplete": "interface/alarm/alarm_upgradearmory.xml"
}
