{
	"genericName": "Servants",
	"specificName": {
		"mace": "Doûloi",
		"spart": "Doûloi",
		"athen": "Doûloi"
	},
	"description": "Increases stone gathering rates.",
	"cost": {"food": 200, "wood": 0, "stone": 0, "metal": 25, "coin": 25},
	"requirements": {"tech": "phase_village"},
	"icon": "mining_stone.png",
	"researchTime": 40,
	"tooltip": "Hire servants to help mine stone. +15% stone gathering rate.",
	"modifications": [{"value": "ResourceGatherer/Rates/stone.rock", "multiply": 1.15}],
	"affects": ["Worker"],
	"soundComplete": "interface/alarm/alarm_upgradearmory.xml"
}
