{
	"genericName": "Slaves",
	"specificName": {
		"mace": "Andrápoda",
		"spart": "Andrápoda",
		"athen": "Andrápoda"
	},
	"description": "Increases stone gathering rates.",
	"cost": {"food": 1000, "wood": 0, "stone": 150, "metal": 100, "coin": 100},
	"supersedes": "gather_mining_serfs",
	"requirements": {"tech": "phase_city"},
	"requirementsTooltip": "Unlocked in City Phase.",
	"icon": "mining_stone.png",
	"researchTime": 40,
	"tooltip": "Buy slaves to help your workers mine for stone. +50% stone gathering rate.",
	"modifications": [{"value": "ResourceGatherer/Rates/stone.rock", "multiply": 1.50}],
	"affects": ["Worker"],
	"soundComplete": "interface/alarm/alarm_upgradearmory.xml"
}
