{
	"genericName": "Battlefield Medicine",
	"description": "Unlock health regeneration for your units.",
	"cost": {"food": 1000, "wood": 0, "stone": 0, "metal": 0, "coin": 250},
	"requirements": {"tech": "phase_city"},
	"requirementsTooltip": "Unlocked in City Phase.",
	"icon": "asclepius_rod.png",
	"researchTime": 40,
	"tooltip": "Organic units will slowly regenerate health over time when idle.",
	"modifications": [{"value": "Health/IdleRegenRate", "add": 0.5}],
	"affects": ["Unit Organic"],
	"soundComplete": "interface/alarm/alarm_upgradearmory.xml"
}
