{
	"genericName": "The Loom",
	"description": "The loom allowed the creation of finer clothing for settlers. Women of the household were taught from a young age how to weave on the loom, and subsequently spent a large share of their lives working with it.",
	"cost": {"food": 100, "wood": 0, "stone": 0, "metal": 0, "coin": 50},
	"requirements": {"tech": "phase_village"},
	"requirementsTooltip": "Unlocked in Village Phase.",
	"icon": "loom.png",
	"researchTime": 40,
	"tooltip": "+50% health for female citizens.",
	"modifications": [{"value": "Health/Max", "multiply": 1.50}],
	"affects": ["FemaleCitizen"],
	"soundComplete": "interface/alarm/alarm_upgradearmory.xml"
}
