{
	"pair": "pair_pop_02",
	"genericName": "Public Assembly",
	"specificName": {
		"athen": "Ekklēsía",
		"rome": "Comitium"
	},
	"description": "Public assembly places were often the center of civic life for ancient societies. Athens had the Ekklesia, the citizens' assembly which met on the Pnyx Hill near the agora in full view of the Acropolis. The Romans had an open-aired assembly place in the great Forum Romanum called the Comitium. Here citizens could air grievances and present petitions to the patrician politicians who ruled their city in the Senate.",
	"cost": {"food": 0, "wood": 0, "stone": 200, "metal": 200, "coin": 200},
	"requirements": {"tech": "phase_city"},
	"requirementsTooltip": "Unlocked in City Phase.",
	"icon": "population.png",
	"researchTime": 40,
	"tooltip": "Civic Centers +5 population cap bonus.",
	"modifications": [{"value": "Cost/PopulationBonus", "add": 5}],
	"affects": ["CivCentre"],
	"soundComplete": "interface/alarm/alarm_upgradearmory.xml"
}
