{
	"genericName": "Glorious Expansion",
	"specificName": {
		"mace": "Peristyle",
		"spart": "Peristyle",
		"athen": "Peristyle",
		"sele": "Peristyle",
		"ptol": "Peristyle",
		"rome": "Peristyle",
		"pers": "Paradise"
	},
	"description": "The wonder attracts many more people to your civilization.",
	"cost": { "food": 2000, "wood": 3000, "stone": 500, "metal": 500 , "coin": 1000},
	"requirements": { "tech": "phase_city" },
	"requirementsTooltip": "Unlocked in City Phase.",
	"icon": "special_treasure.png",
	"researchTime": 120,
	"tooltip": "Enable Glorious Expansion. Further increase the population limit by 40 per Wonder owned.",
	"modifications": [],
	"soundComplete": "interface/alarm/alarm_upgradearmory.xml"
}
