{
	"genericName": "Manors",
	"specificName": {
		"rome": "Insulae"
	},
	"description": "Homes tended to expand as the wealth and population of a settlement grew.",
	"cost": {"food": 0, "wood": 300, "stone": 300, "metal": 0, "coin": 300},
	"supersedes": "pop_house_01",
	"requirements": {"tech": "phase_city"},
	"requirementsTooltip": "Unlocked in City Phase.",
	"icon": "population.png",
	"researchTime": 40,
	"tooltip": "Houses +20% population cap bonus.",
	"modifications": [{"value": "Cost/PopulationBonus", "multiply": 1.2}],
	"affects": ["House"],
	"soundComplete": "interface/alarm/alarm_upgradearmory.xml"
}
