{
	"genericName": "Ranged Infantry Irregulars",
	"specificName": {
		"mace": "Átaktoi",
		"spart": "Átaktoi",
		"athen": "Átaktoi",
		"sele": "Átaktoi",
		"ptol": "Átaktoi"
	},
	"description": "Training increases damage of ranged infantry units.",
	"cost": {"food": 500, "wood": 500, "stone": 250, "metal": 250, "coin": 250},
	"requirements": {"tech": "phase_town"},
	"requirementsTooltip": "Unlocked in Town Phase.",
	"icon": "arrow.png",
	"researchTime": 40,
	"tooltip": "+20% ranged infantry attack.",
	"modifications": [{"value": "Attack/Ranged/Hack", "multiply": 1.2},
		{"value": "Attack/Ranged/Pierce", "multiply": 1.2},
		{"value": "Attack/Ranged/Crush", "multiply": 1.2}],
	"affects": ["Infantry Ranged"],
	"soundComplete": "interface/alarm/alarm_upgradearmory.xml"
}
