{
	"genericName": "Armor plating",
	"description": "Increased armor on siege weapons",
	"cost": { "food": 0, "wood": 500, "stone": 0, "metal": 250 },
	"requirements": { "all": [{ "tech": "phase_city" }, { "notciv": "maur" }] },
	"requirementsTooltip": "Unlocked in City Phase.",
	"icon": "armor_plates_gold.png",
	"researchTime": 40,
	"tooltip": "All Siege weapons +2 Hack armor levels.",
	"modifications": [{ "value": "Armour/Hack", "add": 2.0 }],
	"affects": ["Siege"],
	"soundComplete": "interface/alarm/alarm_upgradearmory.xml"
}
