{
	"genericName": "Cavalry Breeding",
	"description": "Breed the fastest horses.",
	"cost": {"food": 500, "wood": 500, "stone": 0, "metal": 0, "coin": 150},
	"requirements": {"tech": "phase_town"},
	"requirementsTooltip": "Unlocked in Town Phase.",
	"icon": "nisean_war_horses.png",
	"researchTime": 40,
	"tooltip": "+10% cavalry walk speed.",
	"modifications": [{"value": "UnitMotion/WalkSpeed", "multiply": 1.1}],
	"affects": ["Cavalry"],
	"soundComplete": "interface/alarm/alarm_upgradearmory.xml"
}
