{
	"genericName": "Counterintelligence",
	"description": "Recruit a network of informants to watch over your people.",
	"cost": { "food": 400, "wood": 0, "stone": 0, "metal": 0, "coin": 400 },
	"supersedes": "unlock_spies",
	"requirements": { "tech": "phase_city" },
	"icon": "vial_poison.png",
	"researchTime": 60,
	"tooltip": "Make your units 50% more expensive to bribe.",
	"modifications": [{ "value": "Player/SpyCostMultiplier", "multiply": 1.5 }],
	"soundComplete": "interface/alarm/alarm_upgradearmory.xml"
}
