{
	"genericName": "Trade Convoys",
	"description": "Increases defensive capability of traders.",
	"cost": {"food": 0, "wood": 0, "stone": 0, "metal": 200, "coin": 200},
	"requirements": {"tech": "phase_city"},
	"requirementsTooltip": "Unlocked in City Phase.",
	"supersedes": "trade_convoys_speed",
	"icon": "wheel.png",
	"researchTime": 40,
	"tooltip": "Traders +2 Hack and Pierce armor levels.",
	"modifications": [
		{"value": "Armour/Hack", "add": 2.0},
		{"value": "Armour/Pierce", "add": 2.0}],
	"affects": ["Trader"],
	"soundComplete": "interface/alarm/alarm_upgradearmory.xml"
}
