{
	"genericName": "Commercial Treaty",
	"description": "Improve the international trading profit.",
	"cost": { "food": 0, "wood": 0, "stone": 0, "metal": 0, "coin": 100 },
	"requirements": { "tech": "phase_town" },
	"requirementsTooltip": "Unlocked in Town Phase.",
	"icon": "sibylline_books.png",
	"researchTime": 40,
	"tooltip": "Market +10% International Bonus.",
	"modifications": [{ "value": "Market/InternationalBonus", "add": 0.10 }],
	"affects": ["Market"],
	"soundComplete": "interface/alarm/alarm_upgradearmory.xml"
}
