{
	"genericName": "Conscription",
	"description": "Significantly increase training speed of soldiers at the barracks by training them in large batches or battalions.",
	"cost": { "food": 500, "wood": 0, "stone": 0, "metal": 0, "coin": 250 },
	"requirements": { "all": [{ "tech": "phase_city" }, { "notciv": "pers" }] },
	"requirementsTooltip": "Unlocked in City Phase.",
	"icon": "fist_spear.png",
	"researchTime": 40,
	"tooltip": "Faster batch training speed for the Barracks.",
	"modifications": [{ "value": "ProductionQueue/BatchTimeModifier", "add": -0.1 }],
	"affects": ["Barracks"],
	"soundComplete": "interface/alarm/alarm_upgradearmory.xml"
}
