{
	"genericName": "Fertility Festival",
	"specificName": {
		"mace": "Thesmophória",
		"spart": "Thesmophória",
		"athen": "Thesmophória",
		"rome": "Bona Dea"
	},
	"description": "A festival attended by women-only, to celebrate female fertility.",
	"cost": { "food": 250, "wood": 100, "stone": 0, "metal": 0, "coin": 100 },
	"requirements": { "tech": "phase_village" },
	"icon": "wives_festival.png",
	"researchTime": 60,
	"tooltip": "Unlock the ability to train women from houses.",
	"soundComplete": "interface/alarm/alarm_upgradearmory.xml"
}
