{
	"genericName": "Unlock Champion Units",
	"specificName": {
		"mace": "Ágēma",
		"spart": "Ágēma",
		"athen": "Ágēma",
		"rome": "Regio Cohors"
	},
	"description": "Guard units (Champions) are professionals who wield the best weapons and have the best training.",
	"cost": { "food": 0, "wood": 0, "stone": 0, "metal": 1000, "coin": 1000 },
	"requirements": { "all": [{ "tech": "phase_city" }, { "any": [{ "civ": "brit"}, { "civ": "gaul"}, { "civ": "iber"}, { "civ": "mace"}, { "civ": "maur" }, { "civ": "rome" }] }] },
	"requirementsTooltip": "Unlocked in City Phase.",
	"icon": "helmet_corinthian_crest.png",
	"researchTime": 90,
	"tooltip": "Unlock the ability to train Champions at the barracks.",
	"soundComplete": "interface/alarm/alarm_upgradearmory.xml"
}
