{
	"genericName": "Cartography",
	"description": "By means of trading and travelling people explored beyond the boundaries of their lands and drew maps of it in order to share and memorize their discoveries.",
	"cost": {"food": 100, "wood": 0, "stone": 0, "metal": 0, "coin": 100},
	"requirements": {"tech": "phase_village"},
	"icon": "dove.png",
	"researchTime": 40,
	"tooltip": "See what your allies see, browse their summary and check their resources and population count in the top panel.",
	"modifications": [{"value": "Player/sharedLos", "replace": true}],
	"soundComplete": "interface/alarm/alarm_upgradearmory.xml"
}
