{
	"genericName": "Advanced Citizen-Cavalry",
	"description": "Promote all of your citizen-soldier cavalrymen to Advanced rank.",
	"cost": {"food": 400, "wood": 100, "stone": 0, "metal": 0, "coin": 250},
	"requirements": {"tech": "phase_town"},
	"requirementsTooltip": "Unlocked in Town Phase.",
	"icon": "upgrade_advanced.png",
	"researchTime": 40,
	"tooltip": "Promote all of your citizen-soldier cavalrymen to Advanced rank. This increases their military prowess, but decreases their meat gathering rates -25%. Unlocks Elite Citizen-Cavalry technology.",
	"modifications": [{"value": "Promotion/RequiredXp", "replace": 0}],
	"affects": ["Cavalry Basic"],
	"soundComplete": "interface/alarm/alarm_upgradearmory.xml"
}