{
	"genericName": "Advanced Citizen-Infantry",
	"specificName": {
		"mace": "Zeugítai",
		"spart": "Zeugítai",
		"athen": "Zeugítai"
	},
	"description": "Upgrade all of your citizen-soldier infantrymen to Advanced rank.",
	"cost": {"food": 200, "wood": 300, "stone": 0, "metal": 0, "coin": 250},
	"requirements": {"tech": "phase_town"},
	"requirementsTooltip": "Unlocked in Town Phase.",
	"icon": "upgrade_advanced.png",
	"researchTime": 40,
	"tooltip": "Upgrade all of your citizen-soldier infantrymen to Advanced rank. This increases their military prowess, but decreases their resource gathering rates -25%. Unlocks Elite Citizen-Infantry technology.",
	"modifications": [{"value": "Promotion/RequiredXp", "replace": 0}],
	"affects": ["Infantry Basic"],
	"soundComplete": "interface/alarm/alarm_upgradearmory.xml"
}
