{
	"genericName": "Expertise In War",
	"description": "Hire professional mercenaries to fight in your army.",
	"cost": { "food": 200, "wood": 0, "stone": 0, "metal": 0, "coin": 300 },
	"requirements": {
		"all": [
			{ "tech": "phase_town" },
			{ "any": [
				{ "civ": "athen" },
				{ "civ": "cart" },
				{ "civ": "kush" },
				{ "civ": "mace" },
				{ "civ": "ptol" },
				{ "civ": "sele" }
			]}
		]
	},
	"requirementsTooltip": "Unlocked in Town Phase.",
	"icon": "upgrade_advanced.png",
	"researchTime": 40,
	"tooltip": "Mercenaries are promoted to advanced rank but require +20% training time.",
	"modifications": [
		{ "value": "Promotion/RequiredXp", "replace": 0, "affects": "Basic" },
		{ "value": "Cost/BuildTime", "multiply": 1.2, "affects": "Advanced" }
	],
	"soundComplete": "interface/alarm/alarm_upgradearmory.xml",
	"affects": ["Mercenary"]
}
