{
	"genericName": "Nisean War Horses",
	"specificName": {
		"sele": "Nisioi"
	},
	"description": "The now-extinct Nisian breed of horse was one of the largest and robust horses of ancient times. They were highly sought after by the Seleucids and Persians as both rider and mount gained heavier armor as time progressed.",
	"cost": {"food": 200, "wood": 0, "stone": 0, "metal": 0, "coin": 250},
	"requirements": {"all": [{"tech": "phase_city"}, {"any": [{"civ": "sele"}, {"civ": "pers"}]}]},
	"requirementsTooltip": "Unlocked in City Phase.",
	"icon": "nisean_war_horses.png",
	"researchTime": 60,
	"tooltip": "All cavalry +20% health.",
	"modifications": [
		{"value": "Health/Max", "multiply": 1.2}
	],
	"affects": ["Cavalry"],
	"soundComplete": "interface/alarm/alarm_upgradearmory.xml"
}
