{
	"genericName": "Parade of Daphne",
	"description": "Significantly increase training speed of champions and siege weapons at the fortress by training them in large batches or battalions.",
	"cost": {"food": 500, "wood": 0, "stone": 0, "metal": 0, "coin": 500},
	"requirements": {"all": [{"tech": "phase_city"}, {"civ": "sele"}]},
	"requirementsTooltip": "Unlocked in City Phase.",
	"icon": "parade_of_daphne.png",
	"researchTime": 60,
	"tooltip": "Faster batch training speed for the Fortress.",
	"modifications": [{"value": "ProductionQueue/BatchTimeModifier", "add": -0.2}],
	"affects": ["Fortress"],
	"soundComplete": "interface/alarm/alarm_upgradearmory.xml"
}
