{
	"genericName": "Cavalry Conscription",
	"supersedes": "persians/training_levy_cavalry",
	"description": "Significantly increase training speed of cavalry at the stables by training them in large batches or battalions.",
	"cost": {"food": 500, "wood": 0, "stone": 0, "metal": 0, "coin": 250},
	"requirements": {"all": [{"tech": "phase_city"}, {"civ": "pers"}]},
	"requirementsTooltip": "Unlocked in City Phase.",
	"icon": "horse_rider.png",
	"researchTime": 40,
	"tooltip": "Faster batch training speed for the Stables.",
	"modifications": [{"value": "ProductionQueue/BatchTimeModifier", "add": -0.1}],
	"affects": ["Stables"],
	"soundComplete": "interface/alarm/alarm_upgradearmory.xml"
}