{
	"genericName": "Levy Cavalry",
	"description": "Calling up cavalry levies in time of war helps bolster the ranks of a king's army.",
	"cost": { "food": 100, "wood": 0, "stone": 0, "metal": 0, "coin": 100 },
	"requirements": { "all": [{ "tech": "phase_town" }, { "civ": "pers" }] },
	"requirementsTooltip": "Unlocked in Town Phase.",
	"icon": "horse_trainer.png",
	"researchTime": 40,
	"tooltip": "All cavalry -20% train time, but also -5% health. Unlocks Cavalry Conscription.",
	"modifications": [
		{ "value": "Cost/BuildTime", "multiply": 0.8 },
		{ "value": "Health/Max", "multiply": 0.95 }
	],
	"affects": ["Cavalry"],
	"soundComplete": "interface/alarm/alarm_upgradearmory.xml"
}
