<?xml version="1.0" encoding="utf-8"?>
<object
	name="minimapPanel"
	size="0 100%-212 212 100%"
	type="image"
	sprite="mapPanel"
>
	<!-- Minimap -->
	<object size="8 8 100%-8 100%-8" type="minimap" z="20">
		<action on="WorldClick">handleMinimapEvent(arguments[0]);</action>
	</object>
	<object
		type="image"
		size="4 4 100%-4 100%-4"
		sprite="stretched:session/minimap_circle_modern.png"
		ghost="true"
	/>

	<!-- Idle Worker Button -->
	<object
		name="idleWorkerButton"
		type="button"
		size="100%-120 100%-120 100%-5 100%-5"
		tooltip_style="sessionToolTip"
		hotkey="selection.idleworker"
		sprite="stretched:session/minimap-idle.png"
		sprite_over="stretched:session/minimap-idle-highlight.png"
		sprite_disabled="stretched:session/minimap-idle-disabled.png"
	>
		<action on="Press">findIdleUnit(g_WorkerTypes);</action>
	</object>

	<!-- Diplomacy Colors Button -->
	<object
		name="diplomacyColorsButton"
		type="button"
		size="4 100%-120 119 100%-5"
		tooltip_style="sessionToolTip"
		hotkey="session.diplomacycolors"
		sprite="stretched:session/minimap-diplomacy-off.png"
		sprite_over="stretched:session/minimap-diplomacy-off-highlight.png"
	>
		<action on="Press">updateDiplomacyColorsButton();</action>
	</object>
</object>
