{
	"type": "range",
	"radius": 50,
	"affects": ["House"],
	"modifications": [
		{ "value": "Cost/PopulationBonus", "multiply": 1.5 },
		{ "value": "ResourceTrickle/Rates/coin", "multiply": 1.5 }
	],
	"auraName": "Heart of the City",
	"auraDescription": "Nearby houses support +50% more population and pay +50% more taxes.",
	"overlayIcon": "art/textures/ui/session/auras/pop_bonus.png",
    "rangeOverlay" : {
        "lineTexture": "overlay/meander.png",
        "lineTextureMask": "overlay/meander_mask.png",
        "lineThickness": 0.5
    },
	"stackable": "true"
}
