{
	"type": "range",
	"radius": 20,
	"affects": ["Military"],
	"modifications": [
		{ "value": "ProductionQueue/BatchTimeModifier", "add": -0.1 }
	],
	"auraName": "Manpower Supply",
	"auraDescription": "Nearby military bases train batches of soldiers +10% faster",
	"overlayIcon": "art/textures/ui/session/auras/build_bonus.png",    
	"rangeOverlay" : {
        "lineTexture": "overlay/dash.png",
        "lineTextureMask": "overlay/dash_mask.png",
        "lineThickness": 0.1
    },
	"stackable": "true"
}
