{
	"genericName": "Monumental Architecture",
	"cost": { "food": 0, "wood": 500, "stone": 250, "metal": 0, "coin": 250 },
	"requirements": { "all": [{ "tech": "phase_city" }, { "civ": "kush" }] },
	"requirementsTooltip": "Unlocked in City Phase.",
	"icon": "pers_hundred_columns.png",
	"researchTime": 60,
	"tooltip": "+25% HP and -50% build time for Civic Centres, Temples, Pyramids and Wonders.",
	"modifications": [
		{ "value": "Health/Max", "multiply": 1.25 },
		{ "value": "Cost/BuildTime", "multiply": 0.5 }
	],
	"affects": ["CivilCentre", "Wonder", "Pyramid", "Temple"],
	"soundComplete": "interface/alarm/alarm_upgradearmory.xml"
}
